<?xml version="1.0" standalone="yes"?>
<rss xmlns:sparkle="http://www.andymatuschak.org/xml-namespaces/sparkle" version="2.0">
    <channel>
        <title>CalMenu</title>
        <item>
            <title>1.1.0</title>
            <pubDate>seg., 05 abr. 2021 14:20:20 -0300</pubDate>
            <sparkle:minimumSystemVersion>10.15</sparkle:minimumSystemVersion>
            <sparkle:releaseNotesLink>https://raw.githubusercontent.com/fcrespo82/CalMenu/master/releases/ReleaseNotes.html</sparkle:releaseNotesLink>
            <enclosure url="https://github.com/fcrespo82/CalMenu/releases/download/v1.1.0/CalMenu.app.zip" sparkle:version="110" sparkle:shortVersionString="1.1.0" type="application/octet-stream" sparkle:edSignature="9Opg8Vh/jYSzSPgPFAwBHaxNRYJk6d7pD02+g4UDBBUGzu8YseKe13027TPJNlWynG51y9IZQ0j6yntziD3DDA==" length="1580980"/>
        </item>
    </channel>
</rss>
